factual,counterfactual,y-NN,len CF,L1,L2,Linf,EMD,DL Edit,# changes,LSP,diversity,Violations (%)
"[4, 6, 5, 3, 10, 9, 2, 3, 10, 11, 16, 0, 0, 0, 0, 0, 0, 0, 0, 0, 0, 0, 0, 0, 0, 0]","[4, 6, 5, 10, 3, 3, 8, 7, 2, 10, 3, 3, 10, 10, 10, 10, 10, 10, 10, 3, 3, 3, 3, 3, 3, 3]",1.0,26,44.43,5.13,1.0,3.46,22,23,3,1.07,66.66666666666666
"[4, 6, 5, 3, 10, 9, 2, 3, 10, 11, 16, 0, 0, 0, 0, 0, 0, 0, 0, 0, 0, 0, 0, 0, 0, 0]","[4, 6, 5, 10, 3, 9, 8, 7, 2, 10, 3, 3, 10, 10, 10, 10, 10, 10, 10, 3, 3, 3, 3, 3, 3, 3]",0.8,26,44.38,5.12,1.0,3.69,22,22,3,1.07,66.66666666666666
"[4, 6, 5, 3, 10, 9, 2, 3, 10, 11, 16, 0, 0, 0, 0, 0, 0, 0, 0, 0, 0, 0, 0, 0, 0, 0]","[4, 6, 5, 10, 3, 9, 8, 7, 2, 10, 3, 3, 10, 10, 10, 10, 10, 10, 3, 3, 3, 3, 3, 3, 3, 3]",0.8,26,44.3,5.1,1.0,3.42,22,22,3,1.07,66.66666666666666
"[4, 6, 5, 3, 10, 9, 2, 3, 10, 11, 16, 0, 0, 0, 0, 0, 0, 0, 0, 0, 0, 0, 0, 0, 0, 0]","[4, 6, 5, 10, 3, 9, 8, 2, 2, 10, 3, 3, 10, 10, 10, 10, 10, 10, 3, 3, 3, 3, 3, 3, 3, 3]",0.8,26,44.26,5.09,1.0,3.23,21,22,3,1.07,66.66666666666666
"[4, 6, 5, 3, 10, 9, 2, 3, 10, 11, 16, 0, 0, 0, 0, 0, 0, 0, 0, 0, 0, 0, 0, 0, 0, 0]","[4, 6, 5, 10, 3, 9, 8, 2, 2, 10, 3, 10, 10, 10, 10, 10, 10, 10, 3, 3, 3, 3, 3, 3, 3, 3]",0.8,26,44.24,5.08,1.0,3.5,21,22,3,1.07,66.66666666666666
"[4, 6, 5, 3, 10, 9, 2, 3, 10, 11, 16, 0, 0, 0, 0, 0, 0, 0, 0, 0, 0, 0, 0, 0, 0, 0]","[4, 6, 5, 10, 3, 9, 7, 2, 2, 10, 3, 10, 10, 10, 10, 10, 10, 10, 3, 3, 3, 3, 3, 3, 3, 3]",0.6,26,44.22,5.08,1.0,3.46,21,22,3,1.07,66.66666666666666
"[4, 6, 5, 3, 10, 9, 2, 3, 10, 11, 16, 0, 0, 0, 0, 0, 0, 0, 0, 0, 0, 0, 0, 0, 0, 0]","[4, 6, 5, 10, 3, 9, 7, 2, 2, 3, 3, 10, 10, 10, 10, 10, 10, 10, 3, 3, 3, 3, 3, 3, 3, 3]",0.6,26,44.14,5.07,1.0,3.19,22,22,3,1.07,66.66666666666666
"[4, 6, 5, 3, 10, 9, 2, 3, 10, 11, 16, 0, 0, 0, 0, 0, 0, 0, 0, 0, 0, 0, 0, 0, 0, 0]","[4, 6, 5, 10, 3, 9, 7, 2, 2, 3, 3, 10, 10, 10, 10, 10, 10, 3, 3, 3, 3, 3, 3, 3, 3, 3]",0.6,26,44.02,5.06,1.0,2.92,22,22,3,1.07,66.66666666666666
"[4, 6, 5, 3, 10, 9, 2, 3, 10, 11, 16, 0, 0, 0, 0, 0, 0, 0, 0, 0, 0, 0, 0, 0, 0, 0]","[4, 6, 5, 10, 3, 9, 7, 2, 10, 3, 3, 10, 10, 10, 10, 10, 10, 3, 3, 3, 3, 3, 3, 3, 3, 3]",0.8,26,44.0,5.05,1.0,3.23,21,21,3,1.07,66.66666666666666
"[4, 6, 5, 3, 10, 9, 2, 3, 10, 11, 16, 0, 0, 0, 0, 0, 0, 0, 0, 0, 0, 0, 0, 0, 0, 0]","[4, 6, 5, 10, 3, 9, 7, 2, 10, 3, 3, 10, 10, 10, 10, 10, 3, 3, 3, 3, 3, 3, 3, 3, 3, 3]",0.8,26,43.86,5.04,1.0,2.96,21,21,3,1.07,66.66666666666666
"[4, 6, 5, 3, 10, 9, 2, 3, 10, 11, 16, 0, 0, 0, 0, 0, 0, 0, 0, 0, 0, 0, 0, 0, 0, 0]","[4, 6, 5, 10, 3, 9, 7, 2, 10, 3, 3, 10, 10, 10, 10, 10, 3, 3, 3, 3, 3, 3, 3, 3, 3, 16]",0.8,26,43.78,5.03,1.0,3.0,21,21,3,1.07,0.0
"[4, 6, 5, 3, 10, 9, 2, 3, 10, 11, 16, 0, 0, 0, 0, 0, 0, 0, 0, 0, 0, 0, 0, 0, 0, 0]","[4, 6, 5, 10, 3, 9, 7, 2, 10, 3, 3, 10, 10, 10, 10, 3, 3, 3, 3, 3, 3, 3, 3, 3, 3, 16]",0.6,26,43.78,5.02,1.0,2.73,21,21,3,1.07,0.0
"[4, 6, 5, 3, 10, 9, 2, 3, 10, 11, 16, 0, 0, 0, 0, 0, 0, 0, 0, 0, 0, 0, 0, 0, 0, 0]","[4, 6, 5, 10, 3, 10, 7, 2, 10, 3, 3, 10, 10, 10, 10, 3, 3, 3, 3, 3, 3, 3, 3, 3, 3, 16]",0.8,26,43.77,5.02,1.0,2.77,20,22,3,1.07,0.0
"[4, 6, 5, 3, 10, 9, 2, 3, 10, 11, 16, 0, 0, 0, 0, 0, 0, 0, 0, 0, 0, 0, 0, 0, 0, 0]","[4, 6, 5, 10, 3, 10, 7, 2, 10, 3, 3, 10, 10, 10, 10, 3, 3, 3, 3, 3, 3, 3, 3, 16, 0, 0]",1.0,24,43.53,4.97,1.0,2.54,18,20,3,1.07,0.0
"[4, 6, 5, 3, 10, 9, 2, 3, 10, 11, 16, 0, 0, 0, 0, 0, 0, 0, 0, 0, 0, 0, 0, 0, 0, 0]","[4, 6, 5, 10, 3, 10, 7, 2, 10, 3, 3, 10, 10, 10, 10, 3, 3, 3, 3, 3, 3, 3, 16, 0, 0, 0]",1.0,23,43.41,4.94,1.0,2.42,17,19,3,1.07,0.0
"[4, 6, 5, 3, 10, 9, 2, 3, 10, 11, 16, 0, 0, 0, 0, 0, 0, 0, 0, 0, 0, 0, 0, 0, 0, 0]","[4, 6, 5, 10, 3, 10, 7, 2, 10, 3, 10, 10, 10, 10, 10, 3, 3, 3, 3, 3, 3, 3, 16, 0, 0, 0]",1.0,23,43.41,4.94,1.0,2.69,17,19,3,1.07,0.0
"[4, 6, 5, 3, 10, 9, 2, 3, 10, 11, 16, 0, 0, 0, 0, 0, 0, 0, 0, 0, 0, 0, 0, 0, 0, 0]","[4, 6, 5, 10, 3, 10, 7, 2, 10, 3, 10, 10, 10, 10, 10, 3, 3, 3, 3, 3, 3, 16, 0, 0, 0, 0]",0.6,22,43.29,4.91,1.0,2.58,16,18,3,1.07,0.0
"[4, 6, 5, 3, 10, 9, 2, 3, 10, 11, 16, 0, 0, 0, 0, 0, 0, 0, 0, 0, 0, 0, 0, 0, 0, 0]","[4, 6, 5, 10, 3, 10, 7, 2, 10, 3, 10, 10, 10, 10, 10, 3, 3, 3, 3, 3, 16, 0, 0, 0, 0, 0]",0.6,21,43.16,4.88,1.0,2.46,15,17,3,1.07,0.0
"[4, 6, 5, 3, 10, 9, 2, 3, 10, 11, 16, 0, 0, 0, 0, 0, 0, 0, 0, 0, 0, 0, 0, 0, 0, 0]","[4, 6, 5, 10, 3, 10, 7, 2, 10, 3, 10, 10, 10, 10, 10, 3, 3, 3, 3, 16, 0, 0, 0, 0, 0, 0]",0.8,20,43.03,4.84,1.0,2.35,14,16,3,1.07,0.0
"[4, 6, 5, 3, 10, 9, 2, 3, 10, 11, 16, 0, 0, 0, 0, 0, 0, 0, 0, 0, 0, 0, 0, 0, 0, 0]","[4, 6, 5, 10, 3, 10, 7, 2, 10, 3, 10, 10, 10, 10, 3, 3, 3, 3, 3, 16, 0, 0, 0, 0, 0, 0]",0.8,20,43.03,4.84,1.0,2.08,14,16,3,1.07,0.0
"[4, 6, 5, 3, 10, 9, 2, 3, 10, 11, 16, 0, 0, 0, 0, 0, 0, 0, 0, 0, 0, 0, 0, 0, 0, 0]","[4, 6, 5, 10, 3, 2, 7, 2, 10, 3, 10, 10, 10, 10, 3, 3, 3, 3, 16, 0, 0, 0, 0, 0, 0, 0]",1.0,19,42.89,4.8,1.0,1.65,14,15,3,1.07,0.0
"[4, 6, 5, 3, 10, 9, 2, 3, 10, 11, 16, 0, 0, 0, 0, 0, 0, 0, 0, 0, 0, 0, 0, 0, 0, 0]","[4, 6, 5, 10, 3, 2, 7, 2, 10, 10, 10, 10, 10, 10, 3, 3, 3, 3, 16, 0, 0, 0, 0, 0, 0, 0]",0.8,19,42.84,4.78,1.0,1.92,14,15,3,1.07,0.0
"[4, 6, 5, 3, 10, 9, 2, 3, 10, 11, 16, 0, 0, 0, 0, 0, 0, 0, 0, 0, 0, 0, 0, 0, 0, 0]","[4, 6, 5, 10, 3, 2, 2, 2, 10, 10, 10, 10, 10, 3, 3, 3, 3, 3, 16, 0, 0, 0, 0, 0, 0, 0]",0.8,19,42.82,4.77,1.0,1.46,14,14,3,1.07,0.0
"[4, 6, 5, 3, 10, 9, 2, 3, 10, 11, 16, 0, 0, 0, 0, 0, 0, 0, 0, 0, 0, 0, 0, 0, 0, 0]","[4, 6, 5, 10, 3, 2, 2, 2, 10, 10, 10, 10, 10, 3, 3, 3, 3, 16, 0, 0, 0, 0, 0, 0, 0, 0]",0.4,18,42.7,4.74,1.0,1.35,13,13,3,1.07,0.0
"[4, 6, 5, 3, 10, 9, 2, 3, 10, 11, 16, 0, 0, 0, 0, 0, 0, 0, 0, 0, 0, 0, 0, 0, 0, 0]","[4, 6, 5, 10, 3, 2, 2, 10, 10, 10, 10, 10, 10, 3, 3, 3, 3, 16, 0, 0, 0, 0, 0, 0, 0, 0]",0.4,18,42.59,4.71,1.0,1.65,13,13,3,1.07,0.0
"[4, 6, 5, 3, 10, 9, 2, 3, 10, 11, 16, 0, 0, 0, 0, 0, 0, 0, 0, 0, 0, 0, 0, 0, 0, 0]","[4, 6, 5, 10, 3, 2, 2, 10, 10, 10, 10, 10, 10, 3, 3, 3, 16, 0, 0, 0, 0, 0, 0, 0, 0, 0]",0.6,17,42.02,4.66,1.0,1.54,12,12,3,1.07,0.0
"[4, 6, 5, 3, 10, 9, 2, 3, 10, 11, 16, 0, 0, 0, 0, 0, 0, 0, 0, 0, 0, 0, 0, 0, 0, 0]","[4, 6, 5, 10, 3, 2, 2, 10, 10, 10, 10, 10, 3, 3, 3, 3, 16, 0, 0, 0, 0, 0, 0, 0, 0, 0]",0.4,17,41.88,4.65,1.0,1.27,12,12,3,1.07,0.0
"[4, 6, 5, 3, 10, 9, 2, 3, 10, 11, 16, 0, 0, 0, 0, 0, 0, 0, 0, 0, 0, 0, 0, 0, 0, 0]","[4, 6, 5, 10, 3, 2, 2, 10, 10, 10, 10, 10, 3, 3, 3, 16, 0, 0, 0, 0, 0, 0, 0, 0, 0, 0]",0.6,16,41.72,4.62,1.0,1.15,11,11,3,1.07,0.0
"[4, 6, 5, 3, 10, 9, 2, 3, 10, 11, 16, 0, 0, 0, 0, 0, 0, 0, 0, 0, 0, 0, 0, 0, 0, 0]","[4, 6, 5, 10, 3, 2, 2, 10, 10, 10, 10, 10, 3, 3, 16, 0, 0, 0, 0, 0, 0, 0, 0, 0, 0, 0]",0.8,15,41.49,4.58,1.0,1.04,10,10,3,1.07,0.0
"[4, 6, 5, 3, 10, 9, 2, 3, 10, 11, 16, 0, 0, 0, 0, 0, 0, 0, 0, 0, 0, 0, 0, 0, 0, 0]","[4, 6, 5, 10, 3, 2, 2, 10, 10, 10, 10, 10, 3, 16, 0, 0, 0, 0, 0, 0, 0, 0, 0, 0, 0, 0]",0.8,14,41.27,4.55,1.0,0.92,9,9,3,1.07,0.0
"[4, 6, 5, 3, 10, 9, 2, 3, 10, 11, 16, 0, 0, 0, 0, 0, 0, 0, 0, 0, 0, 0, 0, 0, 0, 0]","[4, 6, 5, 10, 3, 2, 2, 10, 10, 10, 10, 3, 3, 16, 0, 0, 0, 0, 0, 0, 0, 0, 0, 0, 0, 0]",1.0,14,41.23,4.54,1.0,0.65,9,9,3,1.07,0.0
"[4, 6, 5, 10, 3, 9, 8, 7, 2, 3, 11, 16, 0, 0, 0, 0, 0, 0, 0, 0, 0, 0, 0, 0, 0, 0]","[4, 6, 5, 10, 3, 3, 8, 7, 2, 10, 3, 3, 10, 10, 10, 10, 10, 10, 10, 3, 3, 3, 3, 3, 3, 3]",1.0,26,40.71,4.76,1.0,3.27,18,18,5,0.99,66.66666666666666
"[4, 6, 5, 10, 3, 9, 8, 7, 2, 3, 11, 16, 0, 0, 0, 0, 0, 0, 0, 0, 0, 0, 0, 0, 0, 0]","[4, 6, 5, 10, 3, 3, 8, 7, 2, 10, 3, 3, 10, 10, 10, 10, 10, 10, 3, 3, 3, 3, 3, 3, 3, 3]",0.8,26,40.36,4.74,1.0,3.0,18,18,5,0.99,66.66666666666666
"[4, 6, 5, 10, 3, 9, 8, 7, 2, 3, 11, 16, 0, 0, 0, 0, 0, 0, 0, 0, 0, 0, 0, 0, 0, 0]","[4, 6, 5, 10, 3, 9, 8, 7, 2, 10, 3, 3, 10, 10, 10, 10, 10, 10, 3, 3, 3, 3, 3, 3, 3, 3]",0.8,26,40.34,4.74,1.0,3.23,17,17,9,0.99,66.66666666666666
"[4, 6, 5, 10, 3, 9, 8, 7, 2, 3, 11, 16, 0, 0, 0, 0, 0, 0, 0, 0, 0, 0, 0, 0, 0, 0]","[4, 6, 5, 10, 3, 9, 8, 7, 2, 10, 3, 3, 10, 10, 10, 10, 10, 3, 3, 3, 3, 3, 3, 3, 3, 3]",0.8,26,40.27,4.73,1.0,2.96,17,17,9,0.99,66.66666666666666
"[4, 6, 5, 10, 3, 9, 8, 7, 2, 3, 11, 16, 0, 0, 0, 0, 0, 0, 0, 0, 0, 0, 0, 0, 0, 0]","[4, 6, 5, 10, 3, 9, 8, 7, 2, 10, 3, 3, 10, 10, 10, 10, 10, 3, 3, 3, 3, 3, 3, 3, 3, 16]",0.8,26,40.26,4.73,1.0,3.0,17,17,9,0.99,0.0
"[4, 6, 5, 10, 3, 9, 8, 7, 2, 3, 11, 16, 0, 0, 0, 0, 0, 0, 0, 0, 0, 0, 0, 0, 0, 0]","[4, 6, 5, 10, 3, 9, 8, 7, 2, 10, 3, 3, 10, 10, 10, 10, 10, 3, 3, 3, 3, 3, 3, 16, 0, 0]",1.0,24,40.02,4.67,1.0,2.77,15,15,9,0.99,0.0
"[4, 6, 5, 10, 3, 9, 8, 7, 2, 3, 11, 16, 0, 0, 0, 0, 0, 0, 0, 0, 0, 0, 0, 0, 0, 0]","[4, 6, 5, 10, 3, 9, 8, 7, 2, 10, 3, 3, 10, 10, 10, 10, 10, 3, 3, 3, 3, 3, 16, 0, 0, 0]",1.0,23,39.9,4.64,1.0,2.65,14,14,9,0.99,0.0
"[4, 6, 5, 10, 3, 9, 8, 7, 2, 3, 11, 16, 0, 0, 0, 0, 0, 0, 0, 0, 0, 0, 0, 0, 0, 0]","[4, 6, 5, 10, 3, 9, 8, 7, 2, 10, 3, 3, 10, 10, 10, 10, 10, 3, 3, 3, 3, 16, 0, 0, 0, 0]",1.0,22,39.78,4.61,1.0,2.54,13,13,9,0.99,0.0
"[4, 6, 5, 10, 3, 9, 8, 7, 2, 3, 11, 16, 0, 0, 0, 0, 0, 0, 0, 0, 0, 0, 0, 0, 0, 0]","[4, 6, 5, 10, 3, 9, 8, 7, 2, 10, 3, 3, 10, 10, 10, 10, 3, 3, 3, 3, 3, 16, 0, 0, 0, 0]",1.0,22,39.78,4.61,1.0,2.27,13,13,9,0.99,0.0
"[4, 6, 5, 10, 3, 9, 8, 7, 2, 3, 11, 16, 0, 0, 0, 0, 0, 0, 0, 0, 0, 0, 0, 0, 0, 0]","[4, 6, 5, 10, 3, 9, 8, 7, 2, 10, 3, 3, 10, 10, 10, 10, 3, 3, 3, 3, 16, 0, 0, 0, 0, 0]",1.0,21,39.66,4.58,1.0,2.15,12,12,9,0.99,0.0
"[4, 6, 5, 10, 3, 9, 8, 7, 2, 3, 11, 16, 0, 0, 0, 0, 0, 0, 0, 0, 0, 0, 0, 0, 0, 0]","[4, 6, 5, 10, 3, 9, 8, 7, 2, 10, 3, 3, 10, 10, 10, 10, 3, 3, 3, 16, 0, 0, 0, 0, 0, 0]",0.6,20,39.54,4.55,1.0,2.04,11,11,9,0.99,0.0
"[4, 6, 5, 10, 3, 9, 8, 7, 2, 3, 11, 16, 0, 0, 0, 0, 0, 0, 0, 0, 0, 0, 0, 0, 0, 0]","[4, 6, 5, 10, 3, 9, 8, 7, 2, 10, 3, 3, 10, 10, 10, 10, 3, 3, 16, 0, 0, 0, 0, 0, 0, 0]",1.0,19,39.42,4.52,1.0,1.92,10,10,9,0.99,0.0
"[4, 6, 5, 10, 3, 9, 8, 7, 2, 3, 11, 16, 0, 0, 0, 0, 0, 0, 0, 0, 0, 0, 0, 0, 0, 0]","[4, 6, 5, 10, 3, 9, 8, 7, 2, 10, 3, 3, 10, 10, 10, 3, 3, 3, 16, 0, 0, 0, 0, 0, 0, 0]",1.0,19,39.42,4.52,1.0,1.65,10,10,9,0.99,0.0
"[4, 6, 5, 10, 3, 9, 8, 7, 2, 3, 11, 16, 0, 0, 0, 0, 0, 0, 0, 0, 0, 0, 0, 0, 0, 0]","[4, 6, 5, 10, 3, 9, 8, 7, 2, 10, 3, 3, 10, 10, 10, 3, 3, 16, 0, 0, 0, 0, 0, 0, 0, 0]",0.4,18,39.3,4.49,1.0,1.54,9,9,9,0.99,0.0
"[4, 6, 5, 10, 3, 9, 8, 7, 2, 3, 11, 16, 0, 0, 0, 0, 0, 0, 0, 0, 0, 0, 0, 0, 0, 0]","[4, 6, 5, 10, 3, 9, 8, 7, 2, 10, 3, 3, 10, 10, 10, 3, 16, 0, 0, 0, 0, 0, 0, 0, 0, 0]",0.6,17,39.18,4.46,1.0,1.42,8,8,9,0.99,0.0
"[4, 6, 5, 10, 3, 9, 8, 7, 2, 3, 11, 16, 0, 0, 0, 0, 0, 0, 0, 0, 0, 0, 0, 0, 0, 0]","[4, 6, 5, 10, 3, 9, 8, 7, 2, 10, 3, 3, 10, 10, 10, 16, 0, 0, 0, 0, 0, 0, 0, 0, 0, 0]",0.6,16,39.05,4.43,1.0,1.31,7,7,9,0.99,0.0
"[4, 6, 5, 10, 3, 9, 8, 7, 2, 3, 11, 16, 0, 0, 0, 0, 0, 0, 0, 0, 0, 0, 0, 0, 0, 0]","[4, 6, 5, 10, 3, 9, 8, 7, 2, 10, 3, 3, 10, 10, 3, 16, 0, 0, 0, 0, 0, 0, 0, 0, 0, 0]",0.8,16,39.03,4.42,1.0,1.04,7,7,9,0.99,0.0
"[4, 6, 5, 10, 3, 9, 8, 7, 2, 3, 11, 16, 0, 0, 0, 0, 0, 0, 0, 0, 0, 0, 0, 0, 0, 0]","[4, 6, 5, 10, 3, 9, 8, 7, 2, 10, 3, 3, 10, 10, 16, 0, 0, 0, 0, 0, 0, 0, 0, 0, 0, 0]",0.4,15,38.91,4.4,1.0,0.92,6,6,9,0.99,0.0
"[4, 6, 5, 10, 3, 9, 8, 7, 2, 3, 11, 16, 0, 0, 0, 0, 0, 0, 0, 0, 0, 0, 0, 0, 0, 0]","[4, 6, 5, 10, 3, 9, 8, 7, 2, 3, 3, 3, 10, 10, 16, 0, 0, 0, 0, 0, 0, 0, 0, 0, 0, 0]",0.2,15,38.87,4.39,1.0,0.65,5,5,10,0.99,0.0
"[4, 6, 5, 3, 9, 10, 8, 7, 2, 2, 2, 10, 10, 3, 10, 3, 1, 10, 3, 9, 10, 10, 10, 10, 10, 16]","[4, 6, 5, 10, 3, 3, 8, 7, 2, 10, 3, 3, 10, 10, 10, 10, 10, 10, 10, 3, 3, 3, 3, 3, 3, 3]",1.0,26,34.37,4.04,1.0,1.38,16,17,3,0.34,66.66666666666666
"[4, 6, 5, 3, 9, 10, 8, 7, 2, 2, 2, 10, 10, 3, 10, 3, 1, 10, 3, 9, 10, 10, 10, 10, 10, 16]","[4, 6, 5, 10, 3, 3, 8, 7, 2, 10, 3, 3, 10, 10, 10, 10, 10, 10, 10, 10, 3, 3, 3, 3, 3, 3]",0.8,26,33.89,3.99,1.0,1.12,16,17,3,0.34,66.66666666666666
"[4, 6, 5, 3, 9, 10, 8, 7, 2, 2, 2, 10, 10, 3, 10, 3, 1, 10, 3, 9, 10, 10, 10, 10, 10, 16]","[4, 6, 5, 10, 3, 3, 8, 7, 2, 2, 3, 3, 10, 10, 10, 10, 10, 10, 10, 10, 3, 3, 3, 3, 3, 3]",1.0,26,33.76,3.97,0.99,1.35,16,16,3,0.34,66.66666666666666
"[4, 6, 5, 3, 9, 10, 8, 7, 2, 2, 2, 10, 10, 3, 10, 3, 1, 10, 3, 9, 10, 10, 10, 10, 10, 16]","[4, 6, 5, 10, 3, 3, 8, 7, 2, 2, 3, 3, 10, 10, 10, 10, 10, 10, 10, 10, 10, 3, 3, 3, 3, 3]",0.8,26,33.61,3.95,0.99,1.08,15,15,3,0.34,66.66666666666666
"[4, 6, 5, 3, 9, 10, 8, 7, 2, 2, 2, 10, 10, 3, 10, 3, 1, 10, 3, 9, 10, 10, 10, 10, 10, 16]","[4, 6, 5, 10, 3, 3, 8, 7, 2, 2, 3, 3, 10, 10, 10, 10, 10, 10, 10, 10, 10, 10, 3, 3, 3, 3]",0.8,26,33.02,3.9,0.99,0.81,14,14,3,0.34,66.66666666666666
"[4, 6, 5, 3, 9, 10, 8, 7, 2, 2, 2, 10, 10, 3, 10, 3, 1, 10, 3, 9, 10, 10, 10, 10, 10, 16]","[4, 6, 5, 10, 3, 3, 8, 7, 2, 2, 3, 10, 10, 10, 10, 10, 10, 10, 10, 10, 10, 10, 3, 3, 3, 3]",0.8,26,32.8,3.88,0.99,0.62,13,13,3,0.34,66.66666666666666
"[4, 6, 5, 3, 9, 10, 8, 7, 2, 2, 2, 10, 10, 3, 10, 3, 1, 10, 3, 9, 10, 10, 10, 10, 10, 16]","[4, 6, 5, 10, 3, 3, 8, 7, 2, 2, 3, 10, 10, 10, 10, 10, 10, 10, 10, 10, 10, 3, 3, 3, 3, 3]",0.8,26,32.58,3.85,0.99,0.81,14,14,3,0.34,66.66666666666666
"[4, 6, 5, 3, 9, 10, 8, 7, 2, 2, 2, 10, 10, 3, 10, 3, 1, 10, 3, 9, 10, 10, 10, 10, 10, 16]","[4, 6, 5, 10, 3, 3, 8, 7, 2, 2, 3, 10, 10, 10, 10, 10, 10, 10, 10, 10, 3, 3, 3, 3, 3, 3]",0.8,26,32.49,3.85,0.99,1.08,15,15,3,0.34,66.66666666666666
"[4, 6, 5, 3, 9, 10, 8, 7, 2, 2, 2, 10, 10, 3, 10, 3, 1, 10, 3, 9, 10, 10, 10, 10, 10, 16]","[4, 6, 5, 10, 3, 3, 8, 7, 2, 2, 3, 10, 10, 10, 10, 10, 10, 10, 10, 3, 3, 3, 3, 3, 3, 3]",0.8,26,32.27,3.82,1.0,1.35,15,15,3,0.34,66.66666666666666
"[4, 6, 10, 9, 3, 5, 2, 3, 10, 3, 10, 3, 10, 3, 10, 11, 16, 0, 0, 0, 0, 0, 0, 0, 0, 0]","[4, 6, 5, 10, 3, 3, 8, 7, 2, 10, 3, 3, 10, 10, 10, 10, 10, 10, 10, 3, 3, 3, 3, 3, 3, 3]",1.0,26,41.93,4.88,1.0,1.96,18,20,2,0.67,66.66666666666666
"[4, 6, 10, 9, 3, 5, 2, 3, 10, 3, 10, 3, 10, 3, 10, 11, 16, 0, 0, 0, 0, 0, 0, 0, 0, 0]","[4, 6, 5, 10, 3, 9, 8, 7, 2, 10, 3, 3, 10, 10, 10, 10, 10, 10, 10, 3, 3, 3, 3, 3, 3, 3]",0.8,26,41.86,4.87,1.0,2.19,18,20,2,0.67,66.66666666666666
"[4, 6, 10, 9, 3, 5, 2, 3, 10, 3, 10, 3, 10, 3, 10, 11, 16, 0, 0, 0, 0, 0, 0, 0, 0, 0]","[4, 6, 5, 10, 3, 9, 8, 2, 2, 10, 3, 10, 10, 10, 10, 10, 10, 10, 10, 3, 3, 3, 3, 3, 3, 3]",0.8,26,41.75,4.83,1.0,2.27,18,21,2,0.67,66.66666666666666
"[4, 6, 10, 9, 3, 5, 2, 3, 10, 3, 10, 3, 10, 3, 10, 11, 16, 0, 0, 0, 0, 0, 0, 0, 0, 0]","[4, 6, 5, 10, 3, 9, 8, 2, 2, 10, 3, 10, 10, 10, 10, 10, 10, 10, 3, 3, 3, 3, 3, 3, 3, 3]",0.8,26,41.73,4.83,1.0,2.0,18,21,2,0.67,66.66666666666666
"[4, 6, 10, 9, 3, 5, 2, 3, 10, 3, 10, 3, 10, 3, 10, 11, 16, 0, 0, 0, 0, 0, 0, 0, 0, 0]","[4, 6, 5, 10, 3, 9, 7, 2, 2, 10, 3, 10, 10, 10, 10, 10, 10, 10, 3, 3, 3, 3, 3, 3, 3, 3]",0.6,26,41.69,4.82,1.0,1.96,18,21,2,0.67,66.66666666666666
"[4, 6, 10, 9, 3, 5, 2, 3, 10, 3, 10, 3, 10, 3, 10, 11, 16, 0, 0, 0, 0, 0, 0, 0, 0, 0]","[4, 6, 5, 10, 3, 9, 7, 2, 2, 3, 3, 10, 10, 10, 10, 10, 10, 10, 3, 3, 3, 3, 3, 3, 3, 3]",0.6,26,41.63,4.81,1.0,1.69,18,20,2,0.67,66.66666666666666
"[4, 6, 10, 9, 3, 5, 2, 3, 10, 3, 10, 3, 10, 3, 10, 11, 16, 0, 0, 0, 0, 0, 0, 0, 0, 0]","[4, 6, 5, 10, 3, 9, 7, 2, 10, 3, 3, 10, 10, 10, 10, 10, 10, 10, 3, 3, 3, 3, 3, 3, 3, 3]",1.0,26,41.52,4.8,1.0,2.0,19,19,2,0.67,66.66666666666666
"[4, 6, 10, 9, 3, 5, 2, 3, 10, 3, 10, 3, 10, 3, 10, 11, 16, 0, 0, 0, 0, 0, 0, 0, 0, 0]","[4, 6, 5, 10, 3, 10, 8, 2, 2, 3, 3, 10, 10, 10, 10, 10, 10, 10, 3, 3, 3, 3, 3, 3, 3, 3]",0.6,26,41.46,4.79,1.0,1.77,19,20,2,0.67,66.66666666666666
"[4, 6, 10, 9, 3, 5, 2, 3, 10, 3, 10, 3, 10, 3, 10, 11, 16, 0, 0, 0, 0, 0, 0, 0, 0, 0]","[4, 6, 5, 10, 3, 3, 8, 2, 2, 3, 3, 10, 10, 10, 10, 10, 10, 3, 3, 3, 3, 3, 3, 3, 3, 3]",0.6,26,41.46,4.78,1.0,1.31,18,20,2,0.67,66.66666666666666
"[4, 6, 10, 9, 3, 5, 2, 3, 10, 3, 10, 3, 10, 3, 10, 11, 16, 0, 0, 0, 0, 0, 0, 0, 0, 0]","[4, 6, 5, 10, 3, 3, 8, 2, 10, 3, 3, 10, 10, 10, 10, 10, 10, 3, 3, 3, 3, 3, 3, 3, 3, 3]",0.8,26,41.41,4.77,1.0,1.54,18,19,2,0.67,66.66666666666666
"[4, 6, 10, 9, 3, 5, 2, 3, 10, 3, 10, 3, 10, 3, 10, 11, 16, 0, 0, 0, 0, 0, 0, 0, 0, 0]","[4, 6, 5, 10, 3, 3, 7, 2, 10, 3, 3, 10, 10, 10, 10, 10, 10, 3, 3, 3, 3, 3, 3, 3, 3, 3]",0.4,26,41.3,4.75,1.0,1.5,18,19,2,0.67,66.66666666666666
"[4, 6, 10, 9, 3, 5, 2, 3, 10, 3, 10, 3, 10, 3, 10, 11, 16, 0, 0, 0, 0, 0, 0, 0, 0, 0]","[4, 6, 5, 10, 3, 3, 2, 2, 10, 3, 3, 10, 10, 10, 10, 10, 10, 3, 3, 3, 3, 3, 3, 3, 3, 3]",0.8,26,41.27,4.75,1.0,1.31,18,18,2,0.67,66.66666666666666
"[4, 6, 10, 9, 3, 5, 2, 3, 10, 3, 10, 3, 10, 3, 10, 11, 16, 0, 0, 0, 0, 0, 0, 0, 0, 0]","[4, 6, 5, 10, 3, 3, 2, 2, 10, 3, 3, 10, 10, 10, 10, 10, 3, 3, 3, 3, 3, 3, 3, 3, 3, 3]",0.8,26,41.27,4.75,1.0,1.5,18,18,2,0.67,66.66666666666666
"[4, 6, 10, 9, 3, 5, 2, 3, 10, 3, 10, 3, 10, 3, 10, 11, 16, 0, 0, 0, 0, 0, 0, 0, 0, 0]","[4, 6, 5, 10, 3, 3, 2, 2, 10, 3, 10, 10, 10, 10, 10, 10, 3, 3, 3, 3, 3, 3, 3, 3, 3, 3]",0.6,26,41.24,4.74,1.0,1.31,17,17,2,0.67,66.66666666666666
"[4, 6, 10, 9, 3, 5, 2, 3, 10, 3, 10, 3, 10, 3, 10, 11, 16, 0, 0, 0, 0, 0, 0, 0, 0, 0]","[4, 6, 5, 10, 3, 10, 2, 2, 10, 3, 10, 10, 10, 10, 10, 10, 3, 3, 3, 3, 3, 3, 3, 3, 3, 3]",0.6,26,41.23,4.74,1.0,1.58,17,17,2,0.67,66.66666666666666
"[4, 6, 10, 9, 3, 5, 2, 3, 10, 3, 10, 3, 10, 3, 10, 11, 16, 0, 0, 0, 0, 0, 0, 0, 0, 0]","[4, 6, 5, 10, 3, 2, 2, 2, 10, 3, 10, 10, 10, 10, 10, 10, 3, 3, 3, 3, 3, 3, 3, 3, 3, 16]",0.6,26,41.19,4.68,1.0,1.31,17,17,2,0.67,0.0
"[4, 6, 10, 9, 3, 5, 2, 3, 10, 3, 10, 3, 10, 3, 10, 11, 16, 0, 0, 0, 0, 0, 0, 0, 0, 0]","[4, 6, 5, 10, 3, 2, 2, 2, 3, 3, 10, 10, 10, 10, 10, 10, 3, 3, 3, 3, 3, 3, 3, 3, 3, 16]",0.6,26,41.17,4.67,1.0,1.04,18,18,2,0.67,0.0
"[4, 6, 10, 9, 3, 5, 2, 3, 10, 3, 10, 3, 10, 3, 10, 11, 16, 0, 0, 0, 0, 0, 0, 0, 0, 0]","[4, 6, 5, 10, 3, 2, 2, 2, 3, 3, 10, 10, 10, 10, 10, 3, 3, 3, 3, 3, 3, 3, 3, 3, 3, 16]",0.6,26,41.14,4.66,1.0,1.23,18,18,2,0.67,0.0
"[4, 6, 10, 9, 3, 5, 2, 3, 10, 3, 10, 3, 10, 3, 10, 11, 16, 0, 0, 0, 0, 0, 0, 0, 0, 0]","[4, 6, 5, 10, 3, 2, 2, 10, 3, 3, 10, 10, 10, 10, 10, 3, 3, 3, 3, 3, 3, 3, 3, 3, 3, 16]",0.8,26,41.08,4.65,1.0,1.08,18,18,2,0.67,0.0
"[4, 6, 10, 9, 3, 5, 2, 3, 10, 3, 10, 3, 10, 3, 10, 11, 16, 0, 0, 0, 0, 0, 0, 0, 0, 0]","[4, 6, 5, 10, 3, 2, 2, 10, 10, 10, 10, 10, 10, 10, 10, 3, 3, 3, 3, 3, 3, 3, 3, 16, 0, 0]",1.0,24,40.24,4.56,1.0,1.38,16,16,2,0.67,0.0
"[4, 6, 10, 9, 3, 5, 2, 3, 10, 3, 10, 3, 10, 3, 10, 11, 16, 0, 0, 0, 0, 0, 0, 0, 0, 0]","[4, 6, 5, 10, 3, 2, 2, 10, 10, 10, 10, 10, 10, 10, 10, 3, 3, 3, 3, 3, 3, 3, 16, 0, 0, 0]",1.0,23,40.04,4.53,1.0,1.27,15,15,2,0.67,0.0
"[4, 6, 10, 9, 3, 5, 2, 3, 10, 3, 10, 3, 10, 3, 10, 11, 16, 0, 0, 0, 0, 0, 0, 0, 0, 0]","[4, 6, 5, 10, 3, 2, 2, 10, 10, 10, 10, 10, 10, 10, 10, 3, 3, 3, 3, 3, 3, 16, 0, 0, 0, 0]",1.0,22,39.84,4.49,1.0,1.15,14,14,2,0.67,0.0
"[4, 6, 10, 9, 3, 5, 2, 3, 10, 3, 10, 3, 10, 3, 10, 11, 16, 0, 0, 0, 0, 0, 0, 0, 0, 0]","[4, 6, 5, 10, 3, 2, 2, 10, 10, 10, 10, 10, 10, 10, 10, 3, 3, 3, 3, 3, 16, 0, 0, 0, 0, 0]",0.8,21,39.52,4.45,1.0,1.04,13,13,2,0.67,0.0
"[4, 6, 5, 10, 3, 9, 8, 7, 2, 10, 3, 11, 16, 0, 0, 0, 0, 0, 0, 0, 0, 0, 0, 0, 0, 0]","[4, 6, 5, 10, 3, 3, 8, 7, 2, 10, 3, 3, 10, 10, 10, 10, 10, 10, 10, 3, 3, 3, 3, 3, 3, 3]",1.0,26,39.75,4.66,1.0,2.88,16,16,5,0.93,66.66666666666666
"[4, 6, 5, 10, 3, 9, 8, 7, 2, 10, 3, 11, 16, 0, 0, 0, 0, 0, 0, 0, 0, 0, 0, 0, 0, 0]","[4, 6, 5, 10, 3, 3, 8, 7, 2, 10, 3, 3, 10, 10, 10, 10, 10, 10, 3, 3, 3, 3, 3, 3, 3, 3]",0.8,26,39.4,4.64,1.0,2.62,16,16,5,0.93,66.66666666666666
"[4, 6, 5, 10, 3, 9, 8, 7, 2, 10, 3, 11, 16, 0, 0, 0, 0, 0, 0, 0, 0, 0, 0, 0, 0, 0]","[4, 6, 5, 10, 3, 9, 8, 7, 2, 10, 3, 3, 10, 10, 10, 10, 10, 10, 3, 3, 3, 3, 3, 3, 3, 3]",0.8,26,39.39,4.64,1.0,2.85,15,15,11,0.93,66.66666666666666
"[4, 6, 5, 10, 3, 9, 8, 7, 2, 10, 3, 11, 16, 0, 0, 0, 0, 0, 0, 0, 0, 0, 0, 0, 0, 0]","[4, 6, 5, 10, 3, 9, 8, 7, 2, 10, 3, 3, 10, 10, 10, 10, 10, 3, 3, 3, 3, 3, 3, 3, 3, 3]",0.8,26,39.29,4.63,1.0,2.58,15,15,11,0.93,66.66666666666666
"[4, 6, 5, 10, 3, 9, 8, 7, 2, 10, 3, 11, 16, 0, 0, 0, 0, 0, 0, 0, 0, 0, 0, 0, 0, 0]","[4, 6, 5, 10, 3, 9, 8, 7, 2, 10, 3, 3, 10, 10, 10, 10, 10, 3, 3, 3, 3, 3, 3, 3, 3, 16]",0.8,26,39.29,4.63,1.0,2.62,15,15,11,0.93,0.0
"[4, 6, 5, 10, 3, 9, 8, 7, 2, 10, 3, 11, 16, 0, 0, 0, 0, 0, 0, 0, 0, 0, 0, 0, 0, 0]","[4, 6, 5, 10, 3, 9, 8, 7, 2, 10, 3, 3, 10, 10, 10, 10, 10, 3, 3, 3, 3, 3, 3, 16, 0, 0]",1.0,24,39.05,4.57,1.0,2.38,13,13,11,0.93,0.0
"[4, 6, 5, 10, 3, 9, 8, 7, 2, 10, 3, 11, 16, 0, 0, 0, 0, 0, 0, 0, 0, 0, 0, 0, 0, 0]","[4, 6, 5, 10, 3, 9, 8, 7, 2, 10, 3, 3, 10, 10, 10, 10, 10, 3, 3, 3, 3, 3, 16, 0, 0, 0]",1.0,23,38.93,4.54,1.0,2.27,12,12,11,0.93,0.0
"[4, 6, 5, 10, 3, 9, 8, 7, 2, 10, 3, 11, 16, 0, 0, 0, 0, 0, 0, 0, 0, 0, 0, 0, 0, 0]","[4, 6, 5, 10, 3, 9, 8, 7, 2, 10, 3, 3, 10, 10, 10, 10, 10, 3, 3, 3, 3, 16, 0, 0, 0, 0]",1.0,22,38.81,4.51,1.0,2.15,11,11,11,0.93,0.0
"[4, 6, 5, 10, 3, 9, 8, 7, 2, 10, 3, 11, 16, 0, 0, 0, 0, 0, 0, 0, 0, 0, 0, 0, 0, 0]","[4, 6, 5, 10, 3, 9, 8, 7, 2, 10, 3, 3, 10, 10, 10, 10, 3, 3, 3, 3, 3, 16, 0, 0, 0, 0]",1.0,22,38.81,4.5,1.0,1.88,11,11,11,0.93,0.0
"[4, 6, 5, 10, 3, 9, 8, 7, 2, 10, 3, 11, 16, 0, 0, 0, 0, 0, 0, 0, 0, 0, 0, 0, 0, 0]","[4, 6, 5, 10, 3, 9, 8, 7, 2, 10, 3, 3, 10, 10, 10, 10, 3, 3, 3, 3, 16, 0, 0, 0, 0, 0]",1.0,21,38.69,4.47,1.0,1.77,10,10,11,0.93,0.0
"[4, 6, 5, 10, 3, 9, 8, 7, 2, 10, 3, 11, 16, 0, 0, 0, 0, 0, 0, 0, 0, 0, 0, 0, 0, 0]","[4, 6, 5, 10, 3, 9, 8, 7, 2, 10, 3, 3, 10, 10, 10, 10, 3, 3, 3, 16, 0, 0, 0, 0, 0, 0]",0.6,20,38.57,4.44,1.0,1.65,9,9,11,0.93,0.0
"[4, 6, 5, 10, 3, 9, 8, 7, 2, 10, 3, 11, 16, 0, 0, 0, 0, 0, 0, 0, 0, 0, 0, 0, 0, 0]","[4, 6, 5, 10, 3, 9, 8, 7, 2, 10, 3, 3, 10, 10, 10, 10, 3, 3, 16, 0, 0, 0, 0, 0, 0, 0]",1.0,19,38.45,4.41,1.0,1.54,8,8,11,0.93,0.0
"[4, 6, 5, 10, 3, 9, 8, 7, 2, 10, 3, 11, 16, 0, 0, 0, 0, 0, 0, 0, 0, 0, 0, 0, 0, 0]","[4, 6, 5, 10, 3, 9, 8, 7, 2, 10, 3, 3, 10, 10, 10, 3, 3, 3, 16, 0, 0, 0, 0, 0, 0, 0]",1.0,19,38.44,4.41,1.0,1.27,8,8,11,0.93,0.0
"[4, 6, 5, 10, 3, 9, 8, 7, 2, 10, 3, 11, 16, 0, 0, 0, 0, 0, 0, 0, 0, 0, 0, 0, 0, 0]","[4, 6, 5, 10, 3, 9, 8, 7, 2, 10, 3, 3, 10, 10, 10, 3, 3, 16, 0, 0, 0, 0, 0, 0, 0, 0]",0.4,18,38.32,4.38,1.0,1.15,7,7,11,0.93,0.0
"[4, 6, 5, 10, 3, 9, 8, 7, 2, 10, 3, 11, 16, 0, 0, 0, 0, 0, 0, 0, 0, 0, 0, 0, 0, 0]","[4, 6, 5, 10, 3, 9, 8, 7, 2, 10, 3, 3, 10, 10, 10, 3, 16, 0, 0, 0, 0, 0, 0, 0, 0, 0]",0.6,17,38.2,4.35,1.0,1.04,6,6,11,0.93,0.0
"[4, 6, 5, 10, 3, 9, 8, 7, 2, 10, 3, 11, 16, 0, 0, 0, 0, 0, 0, 0, 0, 0, 0, 0, 0, 0]","[4, 6, 5, 10, 3, 9, 8, 7, 2, 10, 3, 3, 10, 10, 10, 16, 0, 0, 0, 0, 0, 0, 0, 0, 0, 0]",0.6,16,38.06,4.32,1.0,0.92,5,5,11,0.93,0.0
"[4, 6, 5, 10, 3, 9, 8, 7, 2, 10, 3, 11, 16, 0, 0, 0, 0, 0, 0, 0, 0, 0, 0, 0, 0, 0]","[4, 6, 5, 10, 3, 9, 8, 7, 2, 10, 3, 3, 10, 10, 3, 16, 0, 0, 0, 0, 0, 0, 0, 0, 0, 0]",0.8,16,38.05,4.31,1.0,0.65,5,5,11,0.93,0.0
"[4, 6, 5, 10, 3, 9, 8, 7, 2, 10, 3, 11, 16, 0, 0, 0, 0, 0, 0, 0, 0, 0, 0, 0, 0, 0]","[4, 6, 5, 10, 3, 9, 8, 7, 2, 10, 3, 3, 10, 10, 16, 0, 0, 0, 0, 0, 0, 0, 0, 0, 0, 0]",0.4,15,37.91,4.28,1.0,0.54,4,4,11,0.93,0.0
"[4, 6, 5, 10, 3, 9, 7, 2, 10, 3, 8, 11, 16, 0, 0, 0, 0, 0, 0, 0, 0, 0, 0, 0, 0, 0]","[4, 6, 5, 10, 3, 3, 8, 7, 2, 10, 3, 3, 10, 10, 10, 10, 10, 10, 10, 3, 3, 3, 3, 3, 3, 3]",1.0,26,42.76,4.97,1.0,2.88,18,21,5,1.07,66.66666666666666
"[4, 6, 5, 10, 3, 9, 7, 2, 10, 3, 8, 11, 16, 0, 0, 0, 0, 0, 0, 0, 0, 0, 0, 0, 0, 0]","[4, 6, 5, 10, 3, 9, 8, 7, 2, 10, 3, 3, 10, 10, 10, 10, 10, 10, 10, 3, 3, 3, 3, 3, 3, 3]",0.8,26,42.57,4.94,1.0,3.12,17,20,6,1.07,66.66666666666666
"[4, 6, 5, 10, 3, 9, 7, 2, 10, 3, 8, 11, 16, 0, 0, 0, 0, 0, 0, 0, 0, 0, 0, 0, 0, 0]","[4, 6, 5, 10, 3, 9, 8, 7, 2, 10, 3, 3, 10, 10, 10, 10, 10, 10, 3, 3, 3, 3, 3, 3, 3, 3]",0.8,26,42.29,4.9,1.0,2.85,17,20,6,1.07,66.66666666666666
"[4, 6, 5, 10, 3, 9, 7, 2, 10, 3, 8, 11, 16, 0, 0, 0, 0, 0, 0, 0, 0, 0, 0, 0, 0, 0]","[4, 6, 5, 10, 3, 9, 8, 2, 2, 10, 3, 10, 10, 10, 10, 10, 10, 10, 3, 3, 3, 3, 3, 3, 3, 3]",0.8,26,42.09,4.87,1.0,2.92,18,19,6,1.07,66.66666666666666
"[4, 6, 5, 10, 3, 9, 7, 2, 10, 3, 8, 11, 16, 0, 0, 0, 0, 0, 0, 0, 0, 0, 0, 0, 0, 0]","[4, 6, 5, 10, 3, 9, 7, 2, 2, 10, 3, 10, 10, 10, 10, 10, 10, 10, 3, 3, 3, 3, 3, 3, 3, 3]",0.6,26,42.02,4.86,1.0,2.88,17,18,8,1.07,66.66666666666666
"[4, 6, 5, 10, 3, 9, 7, 2, 10, 3, 8, 11, 16, 0, 0, 0, 0, 0, 0, 0, 0, 0, 0, 0, 0, 0]","[4, 6, 5, 10, 3, 9, 7, 2, 2, 3, 3, 10, 10, 10, 10, 10, 10, 10, 3, 3, 3, 3, 3, 3, 3, 3]",0.6,26,41.57,4.81,1.0,2.62,17,17,8,1.07,66.66666666666666
"[4, 6, 5, 10, 3, 9, 7, 2, 10, 3, 8, 11, 16, 0, 0, 0, 0, 0, 0, 0, 0, 0, 0, 0, 0, 0]","[4, 6, 5, 10, 3, 9, 7, 2, 2, 3, 3, 10, 10, 10, 10, 10, 10, 3, 3, 3, 3, 3, 3, 3, 3, 3]",0.6,26,41.27,4.78,1.0,2.35,17,17,8,1.07,66.66666666666666
"[4, 6, 5, 10, 3, 9, 7, 2, 10, 3, 8, 11, 16, 0, 0, 0, 0, 0, 0, 0, 0, 0, 0, 0, 0, 0]","[4, 6, 5, 10, 3, 9, 7, 2, 10, 3, 3, 10, 10, 10, 10, 10, 10, 3, 3, 3, 3, 3, 3, 3, 3, 3]",0.8,26,41.21,4.77,1.0,2.65,16,16,10,1.07,66.66666666666666
"[4, 6, 5, 10, 3, 9, 7, 2, 10, 3, 8, 11, 16, 0, 0, 0, 0, 0, 0, 0, 0, 0, 0, 0, 0, 0]","[4, 6, 5, 10, 3, 9, 7, 2, 10, 3, 3, 10, 10, 10, 10, 10, 3, 3, 3, 3, 3, 3, 3, 3, 3, 3]",0.8,26,40.88,4.75,1.0,2.38,16,16,10,1.07,66.66666666666666
"[4, 6, 5, 10, 3, 9, 7, 2, 10, 3, 8, 11, 16, 0, 0, 0, 0, 0, 0, 0, 0, 0, 0, 0, 0, 0]","[4, 6, 5, 10, 3, 8, 7, 2, 10, 3, 3, 10, 10, 10, 10, 10, 3, 3, 3, 3, 3, 3, 3, 3, 3, 3]",0.8,26,40.88,4.75,1.0,2.35,17,17,5,1.07,66.66666666666666
"[4, 6, 5, 10, 3, 9, 7, 2, 10, 3, 8, 11, 16, 0, 0, 0, 0, 0, 0, 0, 0, 0, 0, 0, 0, 0]","[4, 6, 5, 10, 3, 8, 7, 2, 10, 3, 3, 10, 10, 10, 10, 10, 3, 3, 3, 3, 3, 3, 3, 3, 3, 16]",0.8,26,40.85,4.74,1.0,2.38,17,17,5,1.07,0.0
"[4, 6, 5, 10, 3, 9, 7, 2, 10, 3, 8, 11, 16, 0, 0, 0, 0, 0, 0, 0, 0, 0, 0, 0, 0, 0]","[4, 6, 5, 10, 3, 8, 7, 2, 10, 3, 3, 10, 10, 10, 10, 10, 3, 3, 3, 3, 3, 3, 3, 16, 0, 0]",0.8,24,40.61,4.68,1.0,2.15,15,15,5,1.07,0.0
"[4, 6, 5, 10, 3, 9, 7, 2, 10, 3, 8, 11, 16, 0, 0, 0, 0, 0, 0, 0, 0, 0, 0, 0, 0, 0]","[4, 6, 5, 10, 3, 8, 7, 2, 10, 3, 3, 10, 10, 10, 10, 10, 3, 3, 3, 3, 3, 3, 16, 0, 0, 0]",1.0,23,40.49,4.65,1.0,2.04,14,14,5,1.07,0.0
"[4, 6, 5, 10, 3, 9, 7, 2, 10, 3, 8, 11, 16, 0, 0, 0, 0, 0, 0, 0, 0, 0, 0, 0, 0, 0]","[4, 6, 5, 10, 3, 8, 7, 2, 10, 3, 3, 10, 10, 10, 10, 3, 3, 3, 3, 3, 3, 3, 16, 0, 0, 0]",0.8,23,40.49,4.65,1.0,1.77,14,14,5,1.07,0.0
"[4, 6, 5, 10, 3, 9, 7, 2, 10, 3, 8, 11, 16, 0, 0, 0, 0, 0, 0, 0, 0, 0, 0, 0, 0, 0]","[4, 6, 5, 10, 3, 8, 7, 2, 10, 3, 3, 10, 10, 10, 10, 3, 3, 3, 3, 3, 3, 16, 0, 0, 0, 0]",1.0,22,40.37,4.62,1.0,1.65,13,13,5,1.07,0.0
"[4, 6, 5, 10, 3, 9, 7, 2, 10, 3, 8, 11, 16, 0, 0, 0, 0, 0, 0, 0, 0, 0, 0, 0, 0, 0]","[4, 6, 5, 10, 3, 8, 7, 2, 10, 3, 3, 10, 10, 10, 10, 3, 3, 3, 3, 3, 16, 0, 0, 0, 0, 0]",0.8,21,40.24,4.59,1.0,1.54,12,12,5,1.07,0.0
"[4, 6, 5, 10, 3, 9, 7, 2, 10, 3, 8, 11, 16, 0, 0, 0, 0, 0, 0, 0, 0, 0, 0, 0, 0, 0]","[4, 6, 5, 10, 3, 8, 7, 2, 10, 3, 3, 10, 10, 10, 10, 3, 3, 3, 3, 16, 0, 0, 0, 0, 0, 0]",0.8,20,40.12,4.56,1.0,1.42,11,11,5,1.07,0.0
"[4, 6, 5, 10, 3, 9, 7, 2, 10, 3, 8, 11, 16, 0, 0, 0, 0, 0, 0, 0, 0, 0, 0, 0, 0, 0]","[4, 6, 5, 10, 3, 8, 7, 2, 10, 3, 3, 10, 10, 10, 10, 3, 3, 3, 16, 0, 0, 0, 0, 0, 0, 0]",1.0,19,40.0,4.53,1.0,1.31,10,10,5,1.07,0.0
"[4, 6, 5, 10, 3, 9, 7, 2, 10, 3, 8, 11, 16, 0, 0, 0, 0, 0, 0, 0, 0, 0, 0, 0, 0, 0]","[4, 6, 5, 10, 3, 8, 7, 2, 10, 3, 3, 10, 10, 10, 10, 3, 3, 16, 0, 0, 0, 0, 0, 0, 0, 0]",0.6,18,39.87,4.5,1.0,1.19,9,9,5,1.07,0.0
"[4, 6, 5, 10, 3, 9, 7, 2, 10, 3, 8, 11, 16, 0, 0, 0, 0, 0, 0, 0, 0, 0, 0, 0, 0, 0]","[4, 6, 5, 10, 3, 8, 7, 2, 10, 3, 3, 10, 10, 10, 3, 3, 3, 16, 0, 0, 0, 0, 0, 0, 0, 0]",0.8,18,39.87,4.5,1.0,0.92,9,9,5,1.07,0.0
"[4, 6, 5, 10, 3, 9, 7, 2, 10, 3, 8, 11, 16, 0, 0, 0, 0, 0, 0, 0, 0, 0, 0, 0, 0, 0]","[4, 6, 5, 10, 3, 8, 7, 2, 10, 3, 3, 10, 10, 10, 3, 3, 16, 0, 0, 0, 0, 0, 0, 0, 0, 0]",1.0,17,39.74,4.47,1.0,0.81,8,8,5,1.07,0.0
"[4, 6, 5, 10, 3, 9, 7, 2, 10, 3, 8, 11, 16, 0, 0, 0, 0, 0, 0, 0, 0, 0, 0, 0, 0, 0]","[4, 6, 5, 10, 3, 8, 7, 2, 10, 3, 3, 10, 10, 10, 3, 16, 0, 0, 0, 0, 0, 0, 0, 0, 0, 0]",1.0,16,39.61,4.44,1.0,0.69,7,7,5,1.07,0.0
"[4, 6, 5, 10, 3, 9, 7, 2, 10, 3, 8, 11, 16, 0, 0, 0, 0, 0, 0, 0, 0, 0, 0, 0, 0, 0]","[4, 6, 5, 10, 3, 8, 7, 2, 10, 3, 3, 10, 10, 10, 16, 0, 0, 0, 0, 0, 0, 0, 0, 0, 0, 0]",0.2,15,39.46,4.4,1.0,0.58,6,6,5,1.07,0.0
"[4, 6, 5, 10, 3, 9, 7, 2, 10, 3, 8, 11, 16, 0, 0, 0, 0, 0, 0, 0, 0, 0, 0, 0, 0, 0]","[4, 6, 5, 10, 3, 8, 7, 2, 10, 3, 3, 10, 10, 3, 16, 0, 0, 0, 0, 0, 0, 0, 0, 0, 0, 0]",0.0,15,39.45,4.4,1.0,0.31,6,6,5,1.07,0.0
"[4, 6, 5, 10, 3, 9, 7, 2, 10, 3, 8, 11, 16, 0, 0, 0, 0, 0, 0, 0, 0, 0, 0, 0, 0, 0]","[4, 6, 5, 10, 3, 8, 7, 2, 10, 3, 3, 10, 10, 16, 0, 0, 0, 0, 0, 0, 0, 0, 0, 0, 0, 0]",0.2,14,39.27,4.37,1.0,0.19,5,5,5,1.07,0.0
"[4, 6, 5, 8, 3, 9, 10, 7, 2, 10, 3, 10, 3, 10, 11, 16, 0, 0, 0, 0, 0, 0, 0, 0, 0, 0]","[4, 6, 5, 10, 3, 3, 8, 7, 2, 10, 3, 3, 10, 10, 10, 10, 10, 10, 10, 3, 3, 3, 3, 3, 3, 3]",1.0,26,38.58,4.53,1.0,2.0,17,17,3,0.61,66.66666666666666
"[4, 6, 5, 8, 3, 9, 10, 7, 2, 10, 3, 10, 3, 10, 11, 16, 0, 0, 0, 0, 0, 0, 0, 0, 0, 0]","[4, 6, 5, 10, 3, 3, 8, 7, 2, 10, 3, 3, 10, 10, 10, 10, 10, 10, 3, 3, 3, 3, 3, 3, 3, 3]",0.8,26,38.12,4.49,1.0,1.73,17,17,3,0.61,66.66666666666666
"[4, 6, 5, 8, 3, 9, 10, 7, 2, 10, 3, 10, 3, 10, 11, 16, 0, 0, 0, 0, 0, 0, 0, 0, 0, 0]","[4, 6, 5, 10, 3, 3, 8, 7, 2, 10, 3, 3, 10, 10, 10, 10, 10, 10, 3, 3, 3, 3, 3, 3, 3, 16]",1.0,26,38.07,4.49,1.0,1.77,17,17,3,0.61,0.0
"[4, 6, 5, 8, 3, 9, 10, 7, 2, 10, 3, 10, 3, 10, 11, 16, 0, 0, 0, 0, 0, 0, 0, 0, 0, 0]","[4, 6, 5, 10, 3, 3, 8, 7, 2, 10, 3, 3, 10, 10, 10, 10, 10, 10, 3, 3, 3, 3, 3, 16, 0, 0]",1.0,24,37.83,4.42,1.0,1.54,15,15,3,0.61,0.0
"[4, 6, 5, 8, 3, 9, 10, 7, 2, 10, 3, 10, 3, 10, 11, 16, 0, 0, 0, 0, 0, 0, 0, 0, 0, 0]","[4, 6, 5, 10, 3, 3, 8, 7, 2, 10, 3, 3, 10, 10, 10, 10, 10, 10, 3, 3, 3, 3, 16, 0, 0, 0]",1.0,23,37.71,4.39,1.0,1.42,14,14,3,0.61,0.0
"[4, 6, 5, 8, 3, 9, 10, 7, 2, 10, 3, 10, 3, 10, 11, 16, 0, 0, 0, 0, 0, 0, 0, 0, 0, 0]","[4, 6, 5, 10, 3, 3, 8, 7, 2, 10, 3, 3, 10, 10, 10, 10, 10, 3, 3, 3, 3, 3, 16, 0, 0, 0]",1.0,23,37.7,4.39,1.0,1.15,14,14,3,0.61,0.0
"[4, 6, 5, 8, 3, 9, 10, 7, 2, 10, 3, 10, 3, 10, 11, 16, 0, 0, 0, 0, 0, 0, 0, 0, 0, 0]","[4, 6, 5, 10, 3, 3, 8, 7, 2, 10, 3, 3, 10, 10, 10, 10, 10, 3, 3, 3, 3, 16, 0, 0, 0, 0]",1.0,22,37.58,4.36,1.0,1.04,13,13,3,0.61,0.0
"[4, 6, 5, 8, 3, 9, 10, 7, 2, 10, 3, 10, 3, 10, 11, 16, 0, 0, 0, 0, 0, 0, 0, 0, 0, 0]","[4, 6, 5, 10, 3, 3, 8, 7, 2, 10, 3, 3, 10, 10, 10, 10, 10, 3, 3, 3, 16, 0, 0, 0, 0, 0]",0.8,21,37.44,4.32,1.0,0.92,12,12,3,0.61,0.0
"[4, 6, 5, 8, 3, 9, 10, 7, 2, 10, 3, 10, 3, 10, 11, 16, 0, 0, 0, 0, 0, 0, 0, 0, 0, 0]","[4, 6, 5, 10, 3, 3, 8, 7, 2, 10, 3, 3, 10, 10, 10, 10, 10, 3, 3, 16, 0, 0, 0, 0, 0, 0]",0.8,20,37.29,4.29,1.0,0.81,11,11,3,0.61,0.0
"[4, 6, 5, 8, 3, 9, 10, 7, 2, 10, 3, 10, 3, 10, 11, 16, 0, 0, 0, 0, 0, 0, 0, 0, 0, 0]","[4, 6, 5, 10, 3, 3, 8, 7, 2, 10, 3, 3, 10, 10, 10, 10, 3, 3, 3, 16, 0, 0, 0, 0, 0, 0]",0.8,20,37.27,4.29,1.0,0.54,11,11,3,0.61,0.0
"[4, 6, 5, 10, 3, 9, 8, 7, 2, 3, 10, 11, 16, 0, 0, 0, 0, 0, 0, 0, 0, 0, 0, 0, 0, 0]","[4, 6, 5, 10, 3, 3, 8, 7, 2, 10, 3, 3, 10, 10, 10, 10, 10, 10, 10, 3, 3, 3, 3, 3, 3, 3]",1.0,26,39.85,4.67,1.0,2.88,18,18,5,0.88,66.66666666666666
"[4, 6, 5, 10, 3, 9, 8, 7, 2, 3, 10, 11, 16, 0, 0, 0, 0, 0, 0, 0, 0, 0, 0, 0, 0, 0]","[4, 6, 5, 10, 3, 3, 8, 7, 2, 10, 3, 3, 10, 10, 10, 10, 10, 10, 3, 3, 3, 3, 3, 3, 3, 3]",0.8,26,39.47,4.65,1.0,2.62,18,18,5,0.88,66.66666666666666
"[4, 6, 5, 10, 3, 9, 8, 7, 2, 3, 10, 11, 16, 0, 0, 0, 0, 0, 0, 0, 0, 0, 0, 0, 0, 0]","[4, 6, 5, 10, 3, 9, 8, 7, 2, 10, 3, 3, 10, 10, 10, 10, 10, 10, 3, 3, 3, 3, 3, 3, 3, 3]",0.8,26,39.43,4.64,1.0,2.85,17,17,9,0.88,66.66666666666666
"[4, 6, 5, 10, 3, 9, 8, 7, 2, 3, 10, 11, 16, 0, 0, 0, 0, 0, 0, 0, 0, 0, 0, 0, 0, 0]","[4, 6, 5, 10, 3, 9, 8, 7, 2, 10, 3, 3, 10, 10, 10, 10, 10, 3, 3, 3, 3, 3, 3, 3, 3, 3]",0.8,26,39.36,4.64,1.0,2.58,17,17,9,0.88,66.66666666666666
"[4, 6, 5, 10, 3, 9, 8, 7, 2, 3, 10, 11, 16, 0, 0, 0, 0, 0, 0, 0, 0, 0, 0, 0, 0, 0]","[4, 6, 5, 10, 3, 9, 8, 7, 2, 10, 3, 3, 10, 10, 10, 10, 10, 3, 3, 3, 3, 3, 3, 3, 3, 16]",0.8,26,39.35,4.63,1.0,2.62,17,17,9,0.88,0.0
"[4, 6, 5, 10, 3, 9, 8, 7, 2, 3, 10, 11, 16, 0, 0, 0, 0, 0, 0, 0, 0, 0, 0, 0, 0, 0]","[4, 6, 5, 10, 3, 9, 8, 7, 2, 10, 3, 3, 10, 10, 10, 10, 10, 3, 3, 3, 3, 3, 3, 16, 0, 0]",1.0,24,39.11,4.57,1.0,2.38,15,15,9,0.88,0.0
"[4, 6, 5, 10, 3, 9, 8, 7, 2, 3, 10, 11, 16, 0, 0, 0, 0, 0, 0, 0, 0, 0, 0, 0, 0, 0]","[4, 6, 5, 10, 3, 9, 8, 7, 2, 10, 3, 3, 10, 10, 10, 10, 10, 3, 3, 3, 3, 3, 16, 0, 0, 0]",1.0,23,38.99,4.54,1.0,2.27,14,14,9,0.88,0.0
"[4, 6, 5, 10, 3, 9, 8, 7, 2, 3, 10, 11, 16, 0, 0, 0, 0, 0, 0, 0, 0, 0, 0, 0, 0, 0]","[4, 6, 5, 10, 3, 9, 8, 7, 2, 10, 3, 3, 10, 10, 10, 10, 10, 3, 3, 3, 3, 16, 0, 0, 0, 0]",1.0,22,38.87,4.51,1.0,2.15,13,13,9,0.88,0.0
"[4, 6, 5, 10, 3, 9, 8, 7, 2, 3, 10, 11, 16, 0, 0, 0, 0, 0, 0, 0, 0, 0, 0, 0, 0, 0]","[4, 6, 5, 10, 3, 9, 8, 7, 2, 10, 3, 3, 10, 10, 10, 10, 10, 3, 3, 3, 16, 0, 0, 0, 0, 0]",0.8,21,38.75,4.48,1.0,2.04,12,12,9,0.88,0.0
"[4, 6, 5, 10, 3, 9, 8, 7, 2, 3, 10, 11, 16, 0, 0, 0, 0, 0, 0, 0, 0, 0, 0, 0, 0, 0]","[4, 6, 5, 10, 3, 9, 8, 7, 2, 10, 3, 3, 10, 10, 10, 10, 3, 3, 3, 3, 16, 0, 0, 0, 0, 0]",1.0,21,38.75,4.48,1.0,1.77,12,12,9,0.88,0.0
"[4, 6, 5, 10, 3, 9, 8, 7, 2, 3, 10, 11, 16, 0, 0, 0, 0, 0, 0, 0, 0, 0, 0, 0, 0, 0]","[4, 6, 5, 10, 3, 9, 8, 7, 2, 10, 3, 3, 10, 10, 10, 10, 3, 3, 3, 16, 0, 0, 0, 0, 0, 0]",0.6,20,38.62,4.45,1.0,1.65,11,11,9,0.88,0.0
"[4, 6, 5, 10, 3, 9, 8, 7, 2, 3, 10, 11, 16, 0, 0, 0, 0, 0, 0, 0, 0, 0, 0, 0, 0, 0]","[4, 6, 5, 10, 3, 9, 8, 7, 2, 10, 3, 3, 10, 10, 10, 10, 3, 3, 16, 0, 0, 0, 0, 0, 0, 0]",1.0,19,38.5,4.42,1.0,1.54,10,10,9,0.88,0.0
"[4, 6, 5, 10, 3, 9, 8, 7, 2, 3, 10, 11, 16, 0, 0, 0, 0, 0, 0, 0, 0, 0, 0, 0, 0, 0]","[4, 6, 5, 10, 3, 9, 8, 7, 2, 10, 3, 3, 10, 10, 10, 3, 3, 3, 16, 0, 0, 0, 0, 0, 0, 0]",1.0,19,38.49,4.42,1.0,1.27,10,10,9,0.88,0.0
"[4, 6, 5, 10, 3, 9, 8, 7, 2, 3, 10, 11, 16, 0, 0, 0, 0, 0, 0, 0, 0, 0, 0, 0, 0, 0]","[4, 6, 5, 10, 3, 9, 8, 7, 2, 10, 3, 3, 10, 10, 10, 3, 3, 16, 0, 0, 0, 0, 0, 0, 0, 0]",0.4,18,38.37,4.39,1.0,1.15,9,9,9,0.88,0.0
"[4, 6, 5, 10, 3, 9, 8, 7, 2, 3, 10, 11, 16, 0, 0, 0, 0, 0, 0, 0, 0, 0, 0, 0, 0, 0]","[4, 6, 5, 10, 3, 9, 8, 7, 2, 10, 3, 3, 10, 10, 10, 3, 16, 0, 0, 0, 0, 0, 0, 0, 0, 0]",0.6,17,38.23,4.35,1.0,1.04,8,8,9,0.88,0.0
"[4, 6, 5, 10, 3, 9, 8, 7, 2, 3, 10, 11, 16, 0, 0, 0, 0, 0, 0, 0, 0, 0, 0, 0, 0, 0]","[4, 6, 5, 10, 3, 9, 8, 7, 2, 10, 3, 3, 10, 10, 10, 16, 0, 0, 0, 0, 0, 0, 0, 0, 0, 0]",0.6,16,38.09,4.32,1.0,0.92,7,7,9,0.88,0.0
"[4, 6, 5, 10, 3, 9, 8, 7, 2, 3, 10, 11, 16, 0, 0, 0, 0, 0, 0, 0, 0, 0, 0, 0, 0, 0]","[4, 6, 5, 10, 3, 9, 8, 7, 2, 10, 3, 3, 10, 10, 3, 16, 0, 0, 0, 0, 0, 0, 0, 0, 0, 0]",0.8,16,38.09,4.32,1.0,0.65,7,7,9,0.88,0.0
"[4, 6, 5, 8, 3, 9, 10, 7, 2, 10, 3, 10, 3, 10, 11, 16, 0, 0, 0, 0, 0, 0, 0, 0, 0, 0]","[4, 6, 5, 10, 3, 3, 8, 7, 2, 10, 3, 3, 10, 10, 10, 10, 10, 10, 10, 3, 3, 3, 3, 3, 3, 3]",1.0,26,38.58,4.53,1.0,2.0,17,17,3,0.61,66.66666666666666
"[4, 6, 5, 8, 3, 9, 10, 7, 2, 10, 3, 10, 3, 10, 11, 16, 0, 0, 0, 0, 0, 0, 0, 0, 0, 0]","[4, 6, 5, 10, 3, 3, 8, 7, 2, 10, 3, 3, 10, 10, 10, 10, 10, 10, 3, 3, 3, 3, 3, 3, 3, 3]",0.8,26,38.12,4.49,1.0,1.73,17,17,3,0.61,66.66666666666666
"[4, 6, 5, 8, 3, 9, 10, 7, 2, 10, 3, 10, 3, 10, 11, 16, 0, 0, 0, 0, 0, 0, 0, 0, 0, 0]","[4, 6, 5, 10, 3, 3, 8, 7, 2, 10, 3, 3, 10, 10, 10, 10, 10, 10, 3, 3, 3, 3, 3, 3, 3, 16]",1.0,26,38.07,4.49,1.0,1.77,17,17,3,0.61,0.0
"[4, 6, 5, 8, 3, 9, 10, 7, 2, 10, 3, 10, 3, 10, 11, 16, 0, 0, 0, 0, 0, 0, 0, 0, 0, 0]","[4, 6, 5, 10, 3, 3, 8, 7, 2, 10, 3, 3, 10, 10, 10, 10, 10, 10, 3, 3, 3, 3, 3, 16, 0, 0]",1.0,24,37.83,4.42,1.0,1.54,15,15,3,0.61,0.0
"[4, 6, 5, 8, 3, 9, 10, 7, 2, 10, 3, 10, 3, 10, 11, 16, 0, 0, 0, 0, 0, 0, 0, 0, 0, 0]","[4, 6, 5, 10, 3, 3, 8, 7, 2, 10, 3, 3, 10, 10, 10, 10, 10, 10, 3, 3, 3, 3, 16, 0, 0, 0]",1.0,23,37.71,4.39,1.0,1.42,14,14,3,0.61,0.0
"[4, 6, 5, 8, 3, 9, 10, 7, 2, 10, 3, 10, 3, 10, 11, 16, 0, 0, 0, 0, 0, 0, 0, 0, 0, 0]","[4, 6, 5, 10, 3, 3, 8, 7, 2, 10, 3, 3, 10, 10, 10, 10, 10, 3, 3, 3, 3, 3, 16, 0, 0, 0]",1.0,23,37.7,4.39,1.0,1.15,14,14,3,0.61,0.0
"[4, 6, 5, 8, 3, 9, 10, 7, 2, 10, 3, 10, 3, 10, 11, 16, 0, 0, 0, 0, 0, 0, 0, 0, 0, 0]","[4, 6, 5, 10, 3, 3, 8, 7, 2, 10, 3, 3, 10, 10, 10, 10, 10, 3, 3, 3, 3, 16, 0, 0, 0, 0]",1.0,22,37.58,4.36,1.0,1.04,13,13,3,0.61,0.0
"[4, 6, 5, 8, 3, 9, 10, 7, 2, 10, 3, 10, 3, 10, 11, 16, 0, 0, 0, 0, 0, 0, 0, 0, 0, 0]","[4, 6, 5, 10, 3, 3, 8, 7, 2, 10, 3, 3, 10, 10, 10, 10, 10, 3, 3, 3, 16, 0, 0, 0, 0, 0]",0.8,21,37.44,4.32,1.0,0.92,12,12,3,0.61,0.0
"[4, 6, 5, 8, 3, 9, 10, 7, 2, 10, 3, 10, 3, 10, 11, 16, 0, 0, 0, 0, 0, 0, 0, 0, 0, 0]","[4, 6, 5, 10, 3, 3, 8, 7, 2, 10, 3, 3, 10, 10, 10, 10, 10, 3, 3, 16, 0, 0, 0, 0, 0, 0]",0.8,20,37.29,4.29,1.0,0.81,11,11,3,0.61,0.0
"[4, 6, 5, 8, 3, 9, 10, 7, 2, 10, 3, 10, 3, 10, 11, 16, 0, 0, 0, 0, 0, 0, 0, 0, 0, 0]","[4, 6, 5, 10, 3, 3, 8, 7, 2, 10, 3, 3, 10, 10, 10, 10, 3, 3, 3, 16, 0, 0, 0, 0, 0, 0]",0.8,20,37.27,4.29,1.0,0.54,11,11,3,0.61,0.0
